type,comment_id,parent_comment_id,author,comment,published_at,like_count
top-level,UgyhP0RdBFUequUNwyx4AaABAg,,@JaykantKumar-o7j4q,Mast song ‚ù§ 2025 /6\26üò¢,2025-06-26T12:28:53Z,1
top-level,UgyrMhpXMI0UubQsRN14AaABAg,,@soumochandra8146,Mein khud sunta huun ..üôÇ,2025-06-26T12:07:33Z,0
top-level,UgyQzw-_4a255q2qHCp4AaABAg,,@medical.knowledge2.1,Kon kon yaha rells dekh kar aaya h,2025-06-26T09:35:48Z,0
top-level,UgyiWLpgj057EHFZGo14AaABAg,,@DHRUVI952,This song actually reflects the emotion of a loyal girl towards her relationship ‚ù§ü•πü•πü•πü•π,2025-06-26T08:02:42Z,2
top-level,Ugx27hn1NqvKDbhTgbR4AaABAg,,@kaifmahmood,"Copied from Mozart's Molto Allegro, but still beautifully orchestrated and sung.",2025-06-26T06:36:57Z,1
top-level,UgxYxupgxkrcIGZAui94AaABAg,,@joannegomes3033,2:33 ‚ù§‚ù§,2025-06-26T06:06:28Z,1
top-level,UgxbfY1As0QkYOi30dV4AaABAg,,@RukhsarSheikh-m6g,Pahle main sochta tha ki old song kon hi sunega ab samajh aa ra hai kon sunegaüò¢üò¢,2025-06-26T06:04:09Z,3
top-level,UgyUy4K7W2Q7-ClrnoN4AaABAg,,@koter9477,Anyone in July 2050‚ù§,2025-06-26T05:46:46Z,1
top-level,UgwRm7XzX-tzBgYwwOx4AaABAg,,@RukhsarSheikh-m6g,Its my favourite song me listening this everytime ‚ù§‚ù§,2025-06-26T04:35:53Z,1
top-level,Ugw75cvK2R5tv4AJqUJ4AaABAg,,@Fabiha998,BBB  V  CC,2025-06-25T23:18:19Z,1
top-level,Ugw2pTazxOmx-V1rMjF4AaABAg,,@dhamakashort,It's now in trdinding... Just obsessed with this song‚ù§,2025-06-25T20:50:31Z,1
top-level,UgzJ2CreDlQXYCZ6HWd4AaABAg,,@Ishtiyaq-fq1uy,3:348,2025-06-25T17:04:27Z,2
top-level,UgykfnkmimfH9EM6evZ4AaABAg,,@Ishtiyaq-fq1uy,2:54,2025-06-25T17:03:44Z,1
top-level,Ugz9AHkzwGbWFY19V3h4AaABAg,,@Ishtiyaq-fq1uy,Gen Z Generation,2025-06-25T17:03:34Z,2
top-level,Ugz0xFo8lozxi7fKpBJ4AaABAg,,@viralvideos0927,To....princess...Love you betuuuuuuuuuu ‚ù§Ô∏è‚ù§Ô∏è‚ù§Ô∏è,2025-06-25T17:03:04Z,2
top-level,Ugx5BAroagPGQjtKjSR4AaABAg,,@BhumikaPandey-g1r,This line  is for you my love.... Plz come back ‚ù§üò≠,2025-06-25T15:41:16Z,3
reply,Ugx5BAroagPGQjtKjSR4AaABAg.AJn_7MuB-tmAJndHfGAq4y,Ugx5BAroagPGQjtKjSR4AaABAg,@KARAN100K,I am back üòº,2025-06-25T16:17:38Z,0
reply,Ugx5BAroagPGQjtKjSR4AaABAg.AJn_7MuB-tmAJpgp7GQF7z,Ugx5BAroagPGQjtKjSR4AaABAg,@Raycom0655,Padhai karo,2025-06-26T11:27:02Z,0
top-level,UgxQtrPWNM41jJFYCFB4AaABAg,,@BhumikaPandey-g1r,Anyone? july 2025‚ù§,2025-06-25T15:40:31Z,2
reply,UgxQtrPWNM41jJFYCFB4AaABAg.AJn_1lrgywPAJoG9RgGxoq,UgxQtrPWNM41jJFYCFB4AaABAg,@Mehak-v8v,Are bhai july ane tho de,2025-06-25T22:06:02Z,0
top-level,UgxAq2j59hgfuijAM3R4AaABAg,,@IntruderAbhi,Any Genz here,2025-06-25T14:43:51Z,8
reply,UgxAq2j59hgfuijAM3R4AaABAg.AJnTYn6ulMpAJnU4ye_58A,UgxAq2j59hgfuijAM3R4AaABAg,@ok-wo9vs,Yes bro,2025-06-25T14:48:31Z,0
top-level,UgzGvFDTYJoWqTFyMXx4AaABAg,,@SarahMuskan-g6p,. oüòäüòäüòäüòäüòä,2025-06-25T14:38:13Z,0
top-level,UgzmQ2CbdOWtphdGjw14AaABAg,,@AntraMeena-x8g,Just wow ‚ù§Ô∏èüëÄ,2025-06-25T13:16:50Z,0
top-level,UgwW5o7VFrYCzPgApth4AaABAg,,@DhirajCreations143,Abhi tk mai kha th üòêüò¢ masterpiece ‚ù§,2025-06-25T11:47:26Z,0
top-level,Ugz1LHdj63lEqazTEd54AaABAg,,@saurav1309,üòçüòç,2025-06-25T11:37:27Z,0
top-level,Ugwql3h58N7uO2l8dv54AaABAg,,@vikassingh7703,1:50,2025-06-25T11:06:46Z,0
top-level,UgzK0Q6T6VmTvhHfz4J4AaABAg,,@MubeenInayatJagirani,Obsession ‚ù§,2025-06-25T09:28:00Z,0
top-level,UgwUQzKT2MsIrE1smHp4AaABAg,,@AashuJoshi2003,Anyone 2025??,2025-06-25T08:52:27Z,0
top-level,Ugy63ZYhW-yRE1sD35l4AaABAg,,@-Zeff__07,Awww wowüåôüíê,2025-06-25T08:37:11Z,0
top-level,UgwfoYkHGYGXGgYpbCF4AaABAg,,@itsranjanvlogs3887,70s ka song k bat hi alag hai ‚ù§‚ù§,2025-06-25T08:34:30Z,0
top-level,UgzjgN8-9RovaRm_oSR4AaABAg,,@AnnuParmar-l5j,I feel this song,2025-06-25T07:57:12Z,0
top-level,UgzL7E4XYginf5srGvl4AaABAg,,@selfgrrow,1:29 ‚ù§‚ù§,2025-06-25T05:36:21Z,1
top-level,UgzDlX1e7Dmdrziwq8F4AaABAg,,@TheKarmVerse,Anyone in June 2025 ?,2025-06-24T19:36:14Z,2
top-level,UgyDSriTlnFhzHaBawx4AaABAg,,@baljeetmeena2244,Mere ek dost ne ek uncle ka radio en  gano k liye  chura liya tha bachpan m ab samajh aa rha ha ki kyu churaya‚ù§‚ù§,2025-06-24T18:23:32Z,0
top-level,UgwL9A3fjaoI8ecsMht4AaABAg,,@gargivarshney1819,1:37,2025-06-24T18:08:57Z,0
top-level,UgzIC32HHlIUrf2RaK94AaABAg,,@nileshgaikwad342,Forced to be in gen-z still loving old songs üò≠ü´∂‚ú®üôÇ,2025-06-24T13:26:24Z,3
top-level,UgyHSWbXo3DjtuQ69Ot4AaABAg,,@AadiBabu-tq3pu,Aadi ‚ù§ Diaa,2025-06-24T12:02:10Z,1
top-level,UgxBoNVGdEAP98MHZ954AaABAg,,@Vishalchauhan17Nov,Aakhir ye jamana ye generation ko smjh arha hai ki ... Real song kya hota hai... (Mera sath kaha tk dogi tum ki mai desh videsh ka banjara)‚ù§‚ù§üòä,2025-06-24T09:06:44Z,0
top-level,UgyQvNcW3ai_6aPxa4d4AaABAg,,@MissionTarun,"Lekin ek minute, main kyon sun raha hoon.... 

Main to Single hoon aur kisi se one-sided pyaar bhi nahin hai üòÇüòÇ",2025-06-24T08:55:28Z,0
reply,UgyQvNcW3ai_6aPxa4d4AaABAg.AJkGtHdFS5JAJkNVHBhwco,UgyQvNcW3ai_6aPxa4d4AaABAg,@arkxzone2031,Reel Dehki hai sir Ap ny,2025-06-24T09:53:13Z,0
top-level,UgypSQMYukgEgG13yZF4AaABAg,,@ShabeenaAnsari-b9y,Kon kon Insta se sun kar aaya hai ?,2025-06-24T08:31:08Z,1
top-level,Ugwv7OYNquVhN1GcegR4AaABAg,,@Nopeeee78,"DO we find another copied song?
Itna Na Mujhse Tu Pyar Badha
December 1, 1961
‚ÄúŸäÿß ÿ£ŸÜÿß Ÿäÿß ÿ£ŸÜÿß Ÿàÿ£ŸÜÿß ŸàŸäÿßŸÉ‚Äù (Ya Ana Ya Ana Wa‚ÄØYak), performed by Fairuz
that song is too old that you cant find an original date of release but different platform reprensent different date but that song was relase in 1952 right after her best song ITAB",2025-06-24T07:18:55Z,2
top-level,UgyryLUvmzy3c0uLsRx4AaABAg,,@taragaming3071,Fav song,2025-06-24T05:57:47Z,0
top-level,UgzMWBuj9RX3DAN66ip4AaABAg,,@thelazyhead,Reel se aane wale ‚ù§‚ù§,2025-06-24T04:04:17Z,2
top-level,UgxMalsVNKywkF3vAtp4AaABAg,,@Aaruu20,GenZ ‚ù§,2025-06-23T22:07:25Z,1
top-level,Ugz-dmFcG3Hr_GYT5B54AaABAg,,@paragsarma3924,Incredible deep lyrics,2025-06-23T17:54:35Z,0
top-level,UgzZExWgsknrYqaN-kx4AaABAg,,@adarshkumar9956,Insta se sun kar download kar rahe hai üòÇ,2025-06-23T17:51:27Z,0
top-level,UgymOgYJvQG7XHK1iQB4AaABAg,,@PUNJABIGUJJAR-y9x,24-6 IT'S MY BIRTHDAYüéÇüò¢üò¢üò¢,2025-06-23T17:46:48Z,1
reply,UgymOgYJvQG7XHK1iQB4AaABAg.AJidtvvfEaeAJjliI0-gRh,UgymOgYJvQG7XHK1iQB4AaABAg,@vnashtekwani,Happy Birthday bro,2025-06-24T04:14:21Z,1
reply,UgymOgYJvQG7XHK1iQB4AaABAg.AJidtvvfEaeAJjmLUlynoR,UgymOgYJvQG7XHK1iQB4AaABAg,@PUNJABIGUJJAR-y9x,‚Äã@vnashtekwanithanks‚ù§ bro,2025-06-24T04:19:50Z,0
top-level,Ugy8f9Ww4r4QqgGMF8J4AaABAg,,@Krishna_soniii1211,@mozartsymphony40 This tune is doing a great job brother,2025-06-23T17:33:59Z,0
top-level,Ugyo_GNybMAhZRC_C6F4AaABAg,,@RajAyan-kl5dm,2025üòä,2025-06-23T15:49:54Z,0
top-level,UgzN3xERUstDhs_7Pv14AaABAg,,@GeetaGupta-h8t,"Samapti mam recommend this song...and really What a great song
Masterpiece ‚ù§",2025-06-23T14:59:58Z,6
top-level,UgxMFvoesi-cIfdVYjN4AaABAg,,@MaddyHussain-p6t,LyricssssüòçüíØ,2025-06-23T12:26:54Z,2
top-level,UgzH-MrZGG1SlUrypOt4AaABAg,,@GOLPO_PAKHI,‚ù§,2025-06-23T11:01:59Z,0
top-level,UgzhF6frqK2YH5NOBgJ4AaABAg,,@AkashKumar-ob8mz,3:22   June 23.2025,2025-06-23T09:52:31Z,3
top-level,UgwcB5XnLrFOWyNo1Ex4AaABAg,,@AkashKumar-ob8mz,I am 14 years I love this song ‚ù§‚ù§‚ù§,2025-06-23T09:51:02Z,2
top-level,Ugy8Tzo5oJ-Fp4Ao_vJ4AaABAg,,@AmitTiwari-dh3tg,Mera sath kha tak dogi tum?,2025-06-23T07:48:10Z,0
top-level,UgwUr4kH8QqqG9Cy5bl4AaABAg,,@hamzazahid8490,2025 which one listen this song,2025-06-23T05:46:37Z,0
top-level,UgyosfBd72yeeWkHu2F4AaABAg,,@introvert_kamran,Papa mmy se dur hai...hostel bros can understand üò¢,2025-06-23T05:01:44Z,0
top-level,Ugx8QUVNARF8-vd_0014AaABAg,,@SunitaKumari-o1w4p,üçÅMiss you in White 18 üçÅ,2025-06-23T04:47:24Z,1
top-level,UgwEfERZxawvntbW7O14AaABAg,,@foodiecaloriess,I dedicate this song shri krishna who is playing female role in this song,2025-06-23T04:28:52Z,0
top-level,UgwbXSoj5tH_E0FGs7p4AaABAg,,@RushikeshUnhalepatil,Kal paper hai aur mainn ye gana suna rha hu‚ù§,2025-06-22T19:03:11Z,3
reply,UgwbXSoj5tH_E0FGs7p4AaABAg.AJgCqWxJncEAJh_XcJKI3q,UgwbXSoj5tH_E0FGs7p4AaABAg,@AmitTiwari-dh3tg,Same dude,2025-06-23T07:49:25Z,0
reply,UgwbXSoj5tH_E0FGs7p4AaABAg.AJgCqWxJncEAJhnVqCAYrS,UgwbXSoj5tH_E0FGs7p4AaABAg,@AkashKumar-ob8mz,June main,2025-06-23T09:51:30Z,0
top-level,UgzApsIJAZFzx3tVJgd4AaABAg,,@SabaRajpoot-o5g,Most fvrt ‚ù§,2025-06-22T17:21:03Z,0
top-level,Ugwbj17UoxcErZtvk414AaABAg,,@JanviNaina12,Ooh nil gagan ke diwane tu pyr na mera pehchane !!!ü´∂,2025-06-22T17:04:30Z,1
top-level,UgxsdMDNQ-qwYQb4xPZ4AaABAg,,@Shivani_shivhare,Bht accha song hai ‚ù£Ô∏èü•∞,2025-06-22T15:22:42Z,0
top-level,Ugz6jY39YSl8Gk9IlSx4AaABAg,,@AQUIBRZFF,This song touching my soelüïäÔ∏èüò∂‚Äçüå´Ô∏èü´Ä,2025-06-22T15:17:07Z,0
top-level,UgxdtPipoOaqIz69Hb14AaABAg,,@SheikhShahzad-s3f,Novels reader's feel this song üòÇ‚ù§,2025-06-22T10:35:38Z,0
top-level,UgynPBFM8GhkBstEV6l4AaABAg,,@gouravjha9398,2:26 ü´†ü•πü§å,2025-06-22T10:16:33Z,0
top-level,Ugxm97eiiBxfbY3d6Hh4AaABAg,,@KJ_official.,‚ù§Ô∏èüéôÔ∏è,2025-06-22T08:23:02Z,0
top-level,UgzBfXmKHosQ_auzchV4AaABAg,,@EchoesofPraveen,Beautiful song yrr ‚ù§‚ù§‚ù§üòäüòäüòä,2025-06-22T07:59:50Z,0
top-level,Ugzl4LAFzCEvHE6j0Bh4AaABAg,,@MohdNaeem-s7v,‚ù§,2025-06-22T04:37:41Z,0
top-level,UgzyTynrrNJoSL_FB5p4AaABAg,,@AnjuChhetri-wy5dr,My heart break and i came here,2025-06-22T02:59:58Z,0
top-level,Ugx6TJcHpyCmADkPnaB4AaABAg,,@UrduTales371,Love this Masterpiece ‚ù§Ô∏è 2025 june,2025-06-21T20:50:54Z,1
top-level,UgznPXaXHavh-apMXzt4AaABAg,,@FoodAndTravelWithDada,Evergreen romantic song. Our kids- GenZ loving it ‚ù§‚ù§üòò,2025-06-21T19:38:36Z,1
top-level,UgyRSINOB1wxOTE4PKB4AaABAg,,@miftahj234,‡ß® ‡¶¶‡¶ø‡¶® ‡¶ß‡¶∞‡ßá ‡ß®‡ß¶ ‡¶¨‡¶æ‡¶∞ ‡¶∂‡ßÅ‡¶®‡¶õ‡¶ø ‡¶ó‡¶æ‡¶® ‡¶ü‡¶æ ‡¶è‡¶§ ‡¶∏‡ßÅ‡¶®‡ßç‡¶¶‡¶∞‚ù§,2025-06-21T19:20:51Z,1
top-level,UgytWVWfNQKvBoK7EZV4AaABAg,,@Anasansaridubai,Anyone 2025???,2025-06-21T17:58:47Z,0
top-level,UgyLc4RMxcFVN1sBQqt4AaABAg,,@Amnasmemes,ü§åsukoon,2025-06-21T17:49:44Z,0
top-level,UgzTV9T1G3Cdb4--Zcx4AaABAg,,@Garry25,"Didn‚Äôt know this song would go viral and blow up suddenly, love this song ‚ù§",2025-06-21T17:38:09Z,0
top-level,UgwNReFWTMa8zxYXyRl4AaABAg,,@harishraftaarraa3060,Arijit daa  and shriya goshal song bana lo new version plzzz,2025-06-21T16:12:26Z,0
top-level,UgxH1YfLjSucsCfI2Vd4AaABAg,,@Carousel_EDITZ99,We are not from insta reel ‚ù§,2025-06-21T13:32:26Z,0
top-level,Ugzjh0VNCHJWwrA4twV4AaABAg,,@irshadalvi3351,üòäüòä 2:28 üòäüòäüòäüòä,2025-06-21T12:27:03Z,0
top-level,UgyAtZicO1L01LT8zcV4AaABAg,,@ROBOXKAHANIYAN-d8p,OLD IS GOLDüò¢,2025-06-21T12:16:03Z,2
top-level,Ugx07X-mt6_kqG-S_sp4AaABAg,,@IrfanPathan-freefire199,June,2025-06-21T07:57:39Z,0
top-level,Ugw2_ZMcpkWPJ2HHlMR4AaABAg,,@bimalnarayanrath,Hits at a different level,2025-06-21T06:37:03Z,1
top-level,Ugy1jHHGBmj6E0ZK7tp4AaABAg,,@mechboy-r1m,Kon kon instagram se aaye haiüòÇüòÇ,2025-06-21T02:51:59Z,0
top-level,Ugy0Alhoen8TMzzvlpR4AaABAg,,@ganeshkumerpatel1981,Trending song june 2025,2025-06-20T20:01:52Z,1
top-level,UgzrzkoDht61QCsjgw94AaABAg,,@shubham.kashyap9792,2025 me kaun is pyari awaz ko sun rha hai???,2025-06-20T18:45:41Z,0
top-level,UgwouvD-iITJcV_ltpF4AaABAg,,@backroock,2:28 start my favourite line ‚ù§,2025-06-20T16:27:47Z,4
reply,UgwouvD-iITJcV_ltpF4AaABAg.AJamTgkrrfaAJpPDysGzpX,UgwouvD-iITJcV_ltpF4AaABAg,@farazabbasi8224,Meri 2:16 hai,2025-06-26T08:44:32Z,0
top-level,UgxmvNeklXUb5SHeKLV4AaABAg,,@RonakBhattRz,favouriteüòä,2025-06-20T12:16:20Z,12
top-level,UgyNV1JKNpKTJyGIIgl4AaABAg,,@Robert-g5m2j,Deep voice deep meaning...I love it ‚ù£Ô∏èüíã,2025-06-20T09:12:16Z,1
top-level,UgxVwZcWdes_I2uoLXp4AaABAg,,@navedsaifi8842,Oh Neel gagan k diwane tu pyar na mera pahchane,2025-06-20T06:47:26Z,1
top-level,UgzVRQDzfJ9ofy8rIj54AaABAg,,@taniyakhatun8060,My favourite song ‚ù§,2025-06-20T06:37:07Z,0
top-level,UgzD-dwyNTctX_cI_bR4AaABAg,,@InDiaXploReR,June  2025 kon kon dekra  hüòÇ,2025-06-20T02:39:09Z,0
top-level,UgzcpFWthZdznrRXXkt4AaABAg,,@royalgamersnm3662,2:15 line was touch to heart ‚ù§,2025-06-19T18:50:26Z,2
top-level,UgxNxNuAT_PKLi8Z-Hh4AaABAg,,@fatimanuman-j2j,Who came from instagram ‚úãÔ∏è,2025-06-19T15:06:14Z,0
top-level,Ugw80qeUf02c85I3Upd4AaABAg,,@razahadi6017,üò¢üéâ‚ù§,2025-06-19T13:49:53Z,0
top-level,UgyBBKyW0Oigk3fmnpp4AaABAg,,@Vikashkumar-ud1dc,Really very nice song ‚ù§Ô∏è,2025-06-19T13:28:53Z,0
top-level,Ugx2c7-XBx0u_u6E_jF4AaABAg,,@guru8.55,‚ù§,2025-06-19T12:09:27Z,0
top-level,UgwkKvVDW3aMx09IPZB4AaABAg,,@abhinavgupta1129,"Amazing yr no autotune 
Just pure music ‚ù§",2025-06-19T06:49:41Z,1
top-level,UgwR9PwW1gVG4Ji-0FV4AaABAg,,@mr_ak_singh4173,1:11 lineü´∂ü´∂Itna Na mujhse pyar bada Mera baccha ‚ù§‚ù§,2025-06-19T05:49:37Z,1
top-level,UgwtTXvZ8344fsMNmH54AaABAg,,@aristocracy_,Papa hi nahi rhe bs bohot kuch soch rkhta hai ek ldka apne baap ke liye lekin wakt se pehele sb khtm hogya  üôÇ bda hi nahi hone diya unhone ek baar btaadete toh shyd itna drd na hota,2025-06-18T19:24:28Z,2
reply,UgwtTXvZ8344fsMNmH54AaABAg.AJWx5xwanDoAJX4VyiYALp,UgwtTXvZ8344fsMNmH54AaABAg,@berhampurrider-yt9jo,Same my brother üò¢,2025-06-18T20:37:56Z,0
top-level,Ugy2bjBqt88-0ySgYXR4AaABAg,,@AliBabu-y9d,"Evergreen 18, June 2025",2025-06-18T18:10:40Z,0
top-level,UgyMmQi4oXYE7mGQop14AaABAg,,@AnushreeMondal-y3p,Hope one day You will come to this comment!Just hit the like!‚ù§,2025-06-18T15:42:06Z,0
top-level,UgwoF7Gh4IMA2_ke2sl4AaABAg,,@GURUSRI0921,Wow it is a masterpiece ‚ù§üéâ,2025-06-18T14:25:28Z,0
top-level,UgzP23_wkAX93EHErBF4AaABAg,,@zebraboy,Unexplainable soothing voice and music. Thank you insta for introducing this song.,2025-06-18T06:21:09Z,1
top-level,UgzTjJvkj4CtJbo4KRZ4AaABAg,,@BurhanuddinHussain-s3z,Mozart Symphony 40,2025-06-18T04:53:43Z,0
top-level,UgxHuCm-e4o3WD-af0h4AaABAg,,@Sahwa__kouhei,"Sochti the 60's ka song kon he sunaga ,abb pta chla kon sunega",2025-06-18T04:22:31Z,0
top-level,UgxZTfC231KODIeO6gh4AaABAg,,@Shagun_Si_ngh,0:44 is gaane ke baare mein jitna bolo utna km hai kyuki ye explain krna bhi shyd humare bs me nhi h,2025-06-17T16:24:10Z,5
top-level,Ugzo2OEcfVE6eQLCw6N4AaABAg,,@nandinikushwah7116,Heart touching ‚ù§Ô∏è‚Äçüíô,2025-06-17T15:25:57Z,0
top-level,UgyEbO2l8B8qhVWoOEJ4AaABAg,,@AnkitaRoy-bi3ou,Hmari life ab aklaa wla hogyaa time k sth,2025-06-17T13:25:16Z,2
top-level,UgxVv63U118opwasWa54AaABAg,,@ShajanKhan-k2i,‚ù§,2025-06-17T11:14:27Z,0
top-level,UgxGmXv4MZ9KrGCjKM94AaABAg,,@mibunofficial7554,*_Old is GOLD ‚ù§_*,2025-06-17T09:08:50Z,0
top-level,UgyuLL9snao3hR72rep4AaABAg,,@yasirbhatofficial2984,"Anyone in 2025
My all tym fav song
Old is really ü•á gold 
       Old songs‚ùå dil ka sakoon ‚úÖ",2025-06-17T07:06:39Z,0
top-level,UgyoS36uBzZStxQEqwx4AaABAg,,@rajbeeq8532,Din main 1000 bar dekh le ti hu iss song,2025-06-17T06:54:18Z,0
top-level,UgyVxDfNZDrGxKauPhV4AaABAg,,@studybyana6225,Main to khud sunti hun üòÖ‚ù§,2025-06-17T06:25:35Z,0
top-level,UgzffkqAxelAolpGc-F4AaABAg,,@sushilgautam5790,üòäüòäüòäüòäüòäüòäüòäüòäüòäüòäüòäüòä‚ò∫Ô∏è,2025-06-17T06:06:23Z,0
top-level,UgwPzpkI3Bn1paJEJ3Z4AaABAg,,@syedaleemaleem5955,18 /06 / 2025       old is gold,2025-06-17T05:56:42Z,0
top-level,UgzJTWbYfJiBZcfJ2np4AaABAg,,@jyoshine9063,Bhai addicted hogyi h iss song kaüôáüèº‚Äç‚ôÄÔ∏èüòò,2025-06-17T05:45:27Z,6
reply,UgzJTWbYfJiBZcfJ2np4AaABAg.AJSu_MkA-BfAJTS3myDfxv,UgzJTWbYfJiBZcfJ2np4AaABAg,@aryanpal1156,Make me addicted with you,2025-06-17T10:46:50Z,0
reply,UgzJTWbYfJiBZcfJ2np4AaABAg.AJSu_MkA-BfAJTUA8mmvva,UgzJTWbYfJiBZcfJ2np4AaABAg,@jyoshine9063,üôà‚ô•Ô∏è‚Äã@@aryanpal1156,2025-06-17T11:05:10Z,0
top-level,UgwPuz77lQAa0BNeY014AaABAg,,@washim-Yawatmal,Jay hind jay bharat vande matram inqilab jindabad,2025-06-17T02:07:04Z,0
top-level,UgwTPoz8GrIudr8d_np4AaABAg,,@sushilgautam5790,Lyrics ‚ù§‚ù§‚ù§‚ù§‚ù§‚ù§‚ù§üòä,2025-06-16T19:35:18Z,0
top-level,UgwGf4v6CoMeLgZqzVJ4AaABAg,,@sushilgautam5790,‡§ú‡§≤ ‡§ï‡•Ä ‡§ß‡§æ‡§∞‡§æ ‡§ï‡•ã ‡§§‡•ã ‡§∏‡§æ‡§ó‡§∞ ‡§Æ‡§ø‡§≤‡§æ ‡§î‡§∞ ‡§¨‡§æ‡§¶‡§≤ ‡§§‡•ã ‡§ß‡§∞‡§§‡•Ä ‡§ï‡•á ‡§ö‡§ï‡•ç‡§ï‡§∞ ‡§Æ‡•á‡§Ç ‡§•‡§æüòÖ,2025-06-16T19:32:05Z,0
top-level,UgzZxNsbtpwWZ5Ur9eJ4AaABAg,,@RaginiSingh-y2o,My heart fullfil with lovely feelings after listen this ke baad,2025-06-16T15:31:46Z,0
top-level,UgyFQ5AmNIN-pZYnLiZ4AaABAg,,@LaxmiGiri-c6w,Waaw‚ù§‚ù§,2025-06-16T13:35:04Z,0
top-level,Ugx-S-e4q6TQSiSqtnB4AaABAg,,@MinhaR-k2c,2025 ‚ù§‚ù§‚ù§,2025-06-16T12:39:45Z,0
top-level,Ugx0iH1Bbe2xBkGywLl4AaABAg,,@me_and_meme5849,"Aaj kal ke songs me music kano ko chubhte , but songs of that time is peaceful for ears.",2025-06-16T09:50:35Z,1
top-level,UgyMvKQQzKvuadlyGG14AaABAg,,@RadhaRadha-j5u,"Gorgeous song,,,,,",2025-06-16T09:44:16Z,0
top-level,UgwziLZB7pkDe-VfdLp4AaABAg,,@aftabkhanin,Lag rha hai papa mummy banne ke age group mein entry ho gyi hai üòÇ,2025-06-16T08:33:42Z,11
reply,UgwziLZB7pkDe-VfdLp4AaABAg.AJQd1nCYmoGAJSh6_jo4Ou,UgwziLZB7pkDe-VfdLp4AaABAg,@BiponDas-n4h,Are bhai 22 ka hu abhi sa ye feel ho raha haüòÇ,2025-06-17T03:47:47Z,1
top-level,UgyDZfcmTYkaEgdZyyt4AaABAg,,@FawazKhan-c4j,I'm 17 üôÑ,2025-06-16T04:54:26Z,0
top-level,UgymFKBHpc1BNhqDcFt4AaABAg,,@MaishaKhan-s2i,I'm just 17 and I fell in love with this song,2025-06-16T04:48:41Z,0
top-level,UgxG5p7Kaavlcgok08l4AaABAg,,@NandniSahu-e5f,Masterpiece üñ§‚ù£Ô∏èüòä,2025-06-16T04:10:16Z,0
top-level,UgxOZuTsjoFrLCZkUdh4AaABAg,,@m.shariq,Such a Masterpiece ‚ù§,2025-06-15T20:15:15Z,1
top-level,UgxNQWINUQSsLIQdwI94AaABAg,,@gitanjalighosh3545,Kon kon 20025 may sun raha ha üòÇ‚ù§,2025-06-15T17:06:06Z,0
top-level,UgzUtesNI0yMNbGqcq14AaABAg,,@teamxreflex554,Who watch stairy faith video at instagram,2025-06-15T14:38:08Z,0
top-level,UgxlJCMGLUs4AOTTjB14AaABAg,,@vikashkumar7794,üòç,2025-06-15T14:03:01Z,0
top-level,Ugzkh7_j_4hdq2YhG714AaABAg,,@tecnospeark5991,Ak bar pher toot gay meüò¢,2025-06-15T09:50:10Z,0
top-level,UgxeLbm35f9fpV5pf_B4AaABAg,,@NovoJod,1:21 ‚ù§Ô∏è,2025-06-15T09:49:48Z,1
top-level,UgwQjgUHUjnlUw-2Ajp4AaABAg,,@RadhaRaghav-h6d,‚ù§,2025-06-15T07:51:58Z,0
top-level,UgydztSv8S2TyceS_dt4AaABAg,,@itztoxicgamer536,Anyone in 2026üéâ,2025-06-15T05:37:25Z,9
reply,UgydztSv8S2TyceS_dt4AaABAg.AJNk3qLEkG7AJcuhvq5tmf,UgydztSv8S2TyceS_dt4AaABAg,@Ltd_suraj,"I'm here from 3016,",2025-06-21T12:18:15Z,2
reply,UgydztSv8S2TyceS_dt4AaABAg.AJNk3qLEkG7AJpqv5WJYmm,UgydztSv8S2TyceS_dt4AaABAg,@SaadMusarats,üòÇüòÇüòÇüòÇüòÉüòÉüòÉ‚Äã@@Ltd_suraj,2025-06-26T12:55:14Z,0
reply,UgydztSv8S2TyceS_dt4AaABAg.AJNk3qLEkG7AJpqwDsB6yX,UgydztSv8S2TyceS_dt4AaABAg,@SaadMusarats,‚Äã@@Ltd_surajGoodüòÇüòÇüòÇ,2025-06-26T12:55:23Z,0
top-level,UgwhbkTrWvpkj6Bj3Xx4AaABAg,,@onlymovies1765,"The pinnacle of truth and loyalty, a wonderful bond of love with each other üíó",2025-06-15T05:31:13Z,0
top-level,UgzwICRUPkqyW-scYaN4AaABAg,,@onlymovies1765,amazing bond with each other üíó,2025-06-15T05:21:46Z,0
top-level,UgzXf3dpdPX9GnN8zJ54AaABAg,,@veer1556,"This was My father's favourite song.
Miss you a lot papaüò¢",2025-06-15T02:59:09Z,1
top-level,UgzY4AX91ilD7UzoCn14AaABAg,,@BlackNawab-m6l,Gen Z is here üëÄ,2025-06-14T21:16:47Z,0
top-level,Ugy5EWBMB26w_N9JOUh4AaABAg,,@kaifttchannel3818,üòähamare liy,2025-06-14T20:09:43Z,0
top-level,Ugziv-mFS1FhOFfNtnd4AaABAg,,@NotAkAffanYT,Sukoon.....,2025-06-14T18:27:16Z,0
top-level,Ugw146bji_pyml_JOg54AaABAg,,@ANJALI-m3g9s,song ‚ù§,2025-06-14T16:23:44Z,0
top-level,Ugy8tAxeq-heWptLvSF4AaABAg,,@abdulahad-lp8mv,Kon loog reel dekh kar ayaaa hain ‚ù§,2025-06-14T06:07:30Z,4
top-level,UgyeO0phZYk92RqKKIR4AaABAg,,@sumitkothawade8810,2025 june,2025-06-14T04:29:16Z,1
top-level,UgyRTKF-8RZcC1CGzcZ4AaABAg,,@freepalestine956,0:22,2025-06-13T22:49:01Z,0
top-level,UgxgHq3a0ISOrHdmA014AaABAg,,@indranighosh7851,Er bangla version ki?,2025-06-13T20:38:28Z,0
top-level,UgzWMGEc5pDOeWp_EZd4AaABAg,,@HuriyaHaiderHuriyaHaider,Heal ‚ù§,2025-06-13T20:13:23Z,0
top-level,Ugznu7pgGp7MVF9wFip4AaABAg,,@BLACKOGAME,Lekin hum khud ke liye sun rahe h papa mummy ke liye nhiüòÖ,2025-06-13T20:12:02Z,12
top-level,Ugyz10pxJxmK_gVA_I54AaABAg,,@as.sad_line,Ammi log ke liye nahi khud ke liye sun rahi üò¢üòÇ,2025-06-13T16:05:39Z,2
top-level,Ugz7U7laDM27YlqSx2Z4AaABAg,,@KhanawaiaslamAVK911,Anyone in 2034,2025-06-13T16:02:06Z,0
top-level,UgyU5vFz5U61E18XptN4AaABAg,,@AyeshaAsif-v4w,Bestt ü§ùüò≠,2025-06-13T15:38:26Z,0
top-level,UgwemFC64t93zjgEmdx4AaABAg,,@Rohit_pundir2411,ü§ç,2025-06-13T14:46:59Z,0
top-level,UgwiBX40cyrlVVOZWaJ4AaABAg,,@DrNikitavlogs,Unconditional Love ‚ù§,2025-06-13T09:03:57Z,2
top-level,Ugyny6VejhXXppvoVsh4AaABAg,,@‡§Ö‡§µ‡§ø‡§®‡§æ‡§∂_‡§™‡§æ‡§£‡•ç‡§°‡•á‡§Ø,‚ù£,2025-06-13T08:10:23Z,1
top-level,UgwQRhL8RVbTUt00Vk94AaABAg,,@AaminaAanu,Old is gold‚ù§,2025-06-13T03:08:36Z,0
top-level,UgyAQZJFB8K1m6_k9At4AaABAg,,@Exploriffyy,Feeling üíîüíîüíî,2025-06-12T20:14:36Z,1
top-level,UgygtrzjKWSqf5XNl-Z4AaABAg,,@ManishAnand-n6c,ü§óü´Çü•∫feel like wow üòä,2025-06-12T19:56:43Z,0
top-level,UgwCrW7e-PLJnqhru4F4AaABAg,,@strawberries.and.cheesecakes,People who knew this masterpiece before it started trending on Instagram >>>>,2025-06-12T19:07:51Z,87
reply,UgwCrW7e-PLJnqhru4F4AaABAg.AJHTR1ppcOKAJXmPd7GONm,UgwCrW7e-PLJnqhru4F4AaABAg,@surajpathak07,üòÖ,2025-06-19T03:10:17Z,1
top-level,Ugz5t_wWuLyWzq8ppJ54AaABAg,,@aakansha1513,Only teenagers nd genzüòÇ‚ù§,2025-06-12T18:20:48Z,7
reply,Ugz5t_wWuLyWzq8ppJ54AaABAg.AJHO2TElpNbAJcDJBWabWU,Ugz5t_wWuLyWzq8ppJ54AaABAg,@Anuragrao034,I'm 17üòÖ,2025-06-21T05:50:16Z,1
top-level,Ugyxm3xl22nIrKoWpAx4AaABAg,,@ig_imaxyt,I love this song‚ù§‚ù§,2025-06-12T14:42:09Z,2
top-level,UgyIphRpStUPWr3WYXx4AaABAg,,@Scripture_‡§†‡§æ‡§ï‡§∞‡•á,Papa mummy se jada tho me sunta hu üòÇüòÇ,2025-06-12T12:46:20Z,2
top-level,UgwwQ48h2y-vCEAdMzF4AaABAg,,@MaheboobGk-p4v,I am here üòä,2025-06-12T08:11:19Z,3
top-level,UgxODrcChD4lCx8ClPZ4AaABAg,,@AmirKhan-sd2kz,Old is gold ‚ù§‚ù§,2025-06-12T06:56:38Z,2
top-level,Ugwk1MlNgShMtvl9cip4AaABAg,,@ShadeelAnwar,Rajab family is here‚ù§,2025-06-11T10:11:35Z,0
top-level,UgzjSW3NhrTvD9NAdTN4AaABAg,,@Krishna-k9l7y,2025 me sun rhe ho üòÇüòÇ,2025-06-11T08:54:47Z,2
top-level,UgxTybsMj9Ge3q8Ke354AaABAg,,@AadityaPatidar-nj8sl,"Vintage Bollywood - Reel Gold The Director's Cut, Vol. 08 ‚Ä¢ 2013
Itna Na Mujhse Tu Pyaar (From Chhaya)
Itana naa mujse too pyaar badha ki main ek baadal aavaara
‡§á‡§§‡§®‡§æ ‡§®‡§æ ‡§Æ‡•Å‡§ù‡§∏‡•á ‡§§‡•Ç ‡§™‡•ç‡§Ø‡§æ‡§∞ ‡§¨‡•ù‡§æ ‡§ï‡§ø ‡§Æ‡•à‡§Ç ‡§è‡§ï ‡§¨‡§æ‡§¶‡§≤ ‡§Ü‡§µ‡§æ‡§∞‡§æ
Kaise kisi kaa sahaara banoon ki main khud beghar bechaaraa
‡§ï‡•à‡§∏‡•á ‡§ï‡§ø‡§∏‡•Ä ‡§ï‡§æ ‡§∏‡§π‡§æ‡§∞‡§æ ‡§¨‡§®‡•Ç‡§Å ‡§ï‡§ø ‡§Æ‡•à‡§Ç ‡§ñ‡•Å‡§¶ ‡§¨‡•á‡§ò‡§∞, ‡§¨‡•á‡§ö‡§æ‡§∞‡§æ
Isliye tujhse main pyaar karoon ki too ek baadal aavaara
‡§á‡§∏‡§≤‡§ø‡§è ‡§§‡•Å‡§ù‡§∏‡•á ‡§Æ‡•à‡§Ç ‡§™‡•ç‡§Ø‡§æ‡§∞ ‡§ï‡§∞‡•Ç‡§Å ‡§ï‡§ø ‡§§‡•Ç ‡§è‡§ï ‡§¨‡§æ‡§¶‡§≤ ‡§Ü‡§µ‡§æ‡§∞‡§æ
Janam-janam se hoon saath tere he naam mera jal kee dhara
‡§ú‡§®‡§Æ-‡§ú‡§®‡§Æ ‡§∏‡•á ‡§π‡•Ç‡§Å ‡§∏‡§æ‡§• ‡§§‡•á‡§∞‡•á, ‡§π‡•à‡•á ‡§®‡§æ‡§Æ ‡§Æ‡•á‡§∞‡§æ ‡§ú‡§≤ ‡§ï‡•Ä ‡§ß‡§æ‡§∞‡§æ
Itana naa mujse too pyaar badha ki main ek baadal aavaara
‡§á‡§§‡§®‡§æ ‡§®‡§æ ‡§Æ‡•Å‡§ù‡§∏‡•á ‡§§‡•Ç ‡§™‡•ç‡§Ø‡§æ‡§∞ ‡§¨‡•ù‡§æ ‡§ï‡§ø ‡§Æ‡•à‡§Ç ‡§è‡§ï ‡§¨‡§æ‡§¶‡§≤ ‡§Ü‡§µ‡§æ‡§∞‡§æ
Janam-janam se hoon saath tere he naam mera jal kee dhara
‡§ú‡§®‡§Æ-‡§ú‡§®‡§Æ ‡§∏‡•á ‡§π‡•Ç‡§Å ‡§∏‡§æ‡§• ‡§§‡•á‡§∞‡•á, ‡§π‡•à‡•á ‡§®‡§æ‡§Æ ‡§Æ‡•á‡§∞‡§æ ‡§ú‡§≤ ‡§ï‡•Ä ‡§ß‡§æ‡§∞‡§æ
Muje ek jagah aaraam nahin
‡§Æ‡•Å‡§ù‡•á ‡§è‡§ï ‡§ú‡§ó‡§π ‡§Ü‡§∞‡§æ‡§Æ ‡§®‡§π‡•Ä‡§Ç
Ruk jaanaa mera kaam nahin
‡§∞‡•Å‡§ï ‡§ú‡§æ‡§®‡§æ ‡§Æ‡•á‡§∞‡§æ ‡§ï‡§æ‡§Æ ‡§®‡§π‡•Ä‡§Ç
Muje ek jagah aaraam nahin
‡§Æ‡•Å‡§ù‡•á ‡§è‡§ï ‡§ú‡§ó‡§π ‡§Ü‡§∞‡§æ‡§Æ ‡§®‡§π‡•Ä‡§Ç
Ruk jaanaa mera kaam nahin
‡§∞‡•Å‡§ï ‡§ú‡§æ‡§®‡§æ ‡§Æ‡•á‡§∞‡§æ ‡§ï‡§æ‡§Æ ‡§®‡§π‡•Ä‡§Ç
Mera saath kahaan tak dogi tum
‡§Æ‡•á‡§∞‡§æ ‡§∏‡§æ‡§• ‡§ï‡§π‡§æ‡§Å ‡§§‡§ï ‡§¶‡•ã‡§ó‡•Ä ‡§§‡•Å‡§Æ
Mai des-vides kaa banjaaraa
‡§Æ‡•à ‡§¶‡•á‡§∏-‡§µ‡§ø‡§¶‡•á‡§∏ ‡§ï‡§æ ‡§¨‡§Ç‡§ú‡§æ‡§∞‡§æ
Itana naa mujse too pyaar badha ki main ek baadal aavaara
‡§á‡§§‡§®‡§æ ‡§®‡§æ ‡§Æ‡•Å‡§ù‡§∏‡•á ‡§§‡•Ç ‡§™‡•ç‡§Ø‡§æ‡§∞ ‡§¨‡•ù‡§æ ‡§ï‡§ø ‡§Æ‡•à‡§Ç ‡§è‡§ï ‡§¨‡§æ‡§¶‡§≤ ‡§Ü‡§µ‡§æ‡§∞‡§æ
Kaise kisi kaa sahaara banoon ke main khud beghar bechaaraa
‡§ï‡•à‡§∏‡•á ‡§ï‡§ø‡§∏‡•Ä ‡§ï‡§æ ‡§∏‡§π‡§æ‡§∞‡§æ ‡§¨‡§®‡•Ç‡§Å ‡§ï‡•á ‡§Æ‡•à‡§Ç ‡§ñ‡•Å‡§¶ ‡§¨‡•á‡§ò‡§∞, ‡§¨‡•á‡§ö‡§æ‡§∞‡§æ
Isliye tujhse main pyaar karoon ki too ek baadal aavaara
‡§á‡§∏‡§≤‡§ø‡§è ‡§§‡•Å‡§ù‡§∏‡•á ‡§Æ‡•à‡§Ç ‡§™‡•ç‡§Ø‡§æ‡§∞ ‡§ï‡§∞‡•Ç‡§Å ‡§ï‡§ø ‡§§‡•Ç ‡§è‡§ï ‡§¨‡§æ‡§¶‡§≤ ‡§Ü‡§µ‡§æ‡§∞‡§æ
Janam-janam se hoon saath tere he naam mera jal kee dhara
‡§ú‡§®‡§Æ-‡§ú‡§®‡§Æ ‡§∏‡•á ‡§π‡•Ç‡§Å ‡§∏‡§æ‡§• ‡§§‡•á‡§∞‡•á, ‡§π‡•à‡•á ‡§®‡§æ‡§Æ ‡§Æ‡•á‡§∞‡§æ ‡§ú‡§≤ ‡§ï‡•Ä ‡§ß‡§æ‡§∞‡§æ
O nil gagan ke deewaane
‡§ì, ‡§®‡•Ä‡§≤ ‡§ó‡§ó‡§® ‡§ï‡•á ‡§¶‡•Ä‡§µ‡§æ‡§®‡•á
Tu pyaar naa meraa pahachaane
‡§§‡•Ç ‡§™‡•ç‡§Ø‡§æ‡§∞ ‡§®‡§æ ‡§Æ‡•á‡§∞‡§æ ‡§™‡§π‡§ö‡§æ‡§®‡•á
O nil gagan ke deewaane
‡§ì, ‡§®‡•Ä‡§≤ ‡§ó‡§ó‡§® ‡§ï‡•á ‡§¶‡•Ä‡§µ‡§æ‡§®‡•á
Tu pyaar naa meraa pahachaane
‡§§‡•Ç ‡§™‡•ç‡§Ø‡§æ‡§∞ ‡§®‡§æ ‡§Æ‡•á‡§∞‡§æ ‡§™‡§π‡§ö‡§æ‡§®‡•á
Main tab tak saath chaluun tere
‡§Æ‡•à‡§Ç ‡§§‡§¨ ‡§§‡§ï ‡§∏‡§æ‡§• ‡§ö‡§≤‡•Ç‡§Å ‡§§‡•á‡§∞‡•á
Jab tak naa kahe too main haara
‡§ú‡§¨ ‡§§‡§ï ‡§®‡§æ ‡§ï‡§π‡•á ‡§§‡•Ç ""‡§Æ‡•à‡§Ç ‡§π‡§æ‡§∞‡§æ""
Isliye tujhse main pyaar karoon ki too ek baadal aavaara
‡§á‡§∏‡§≤‡§ø‡§è ‡§§‡•Å‡§ù‡§∏‡•á ‡§Æ‡•à‡§Ç ‡§™‡•ç‡§Ø‡§æ‡§∞ ‡§ï‡§∞‡•Ç‡§Å ‡§ï‡§ø ‡§§‡•Ç ‡§è‡§ï ‡§¨‡§æ‡§¶‡§≤ ‡§Ü‡§µ‡§æ‡§∞‡§æ
Janam-janam se hoon saath tere he naam mera jal kee dhara
‡§ú‡§®‡§Æ-‡§ú‡§®‡§Æ ‡§∏‡•á ‡§π‡•Ç‡§Å ‡§∏‡§æ‡§• ‡§§‡•á‡§∞‡•á, ‡§π‡•à‡•á ‡§®‡§æ‡§Æ ‡§Æ‡•á‡§∞‡§æ ‡§ú‡§≤ ‡§ï‡•Ä ‡§ß‡§æ‡§∞‡§æ
Itana naa mujse too pyaar badha ki main ek baadal aavaara
‡§á‡§§‡§®‡§æ ‡§®‡§æ ‡§Æ‡•Å‡§ù‡§∏‡•á ‡§§‡•Ç ‡§™‡•ç‡§Ø‡§æ‡§∞ ‡§¨‡•ù‡§æ ‡§ï‡§ø ‡§Æ‡•à‡§Ç ‡§è‡§ï ‡§¨‡§æ‡§¶‡§≤ ‡§Ü‡§µ‡§æ‡§∞‡§æ
Kaise kisi kaa sahaara banoon ki main khud beghar bechaaraa
‡§ï‡•à‡§∏‡•á ‡§ï‡§ø‡§∏‡•Ä ‡§ï‡§æ ‡§∏‡§π‡§æ‡§∞‡§æ ‡§¨‡§®‡•Ç‡§Å ‡§ï‡§ø ‡§Æ‡•à‡§Ç ‡§ñ‡•Å‡§¶ ‡§¨‡•á‡§ò‡§∞, ‡§¨‡•á‡§ö‡§æ‡§∞‡§æ
Kyun pyaar me tu nadaan bane
‡§ï‡•ç‡§Ø‡•Ç‡§Å ‡§™‡•ç‡§Ø‡§æ‡§∞ ‡§Æ‡•á ‡§§‡•Ç ‡§®‡§æ‡§¶‡§æ‡§® ‡§¨‡§®‡•á
Ek paagal kaa armaan bane
‡§è‡§ï ‡§™‡§æ‡§ó‡§≤ ‡§ï‡§æ ‡§Ö‡§∞‡§Æ‡§æ‡§® ‡§¨‡§®‡•á
Kyun pyaar me tu nadaan bane
‡§ï‡•ç‡§Ø‡•Ç‡§Å ‡§™‡•ç‡§Ø‡§æ‡§∞ ‡§Æ‡•á ‡§§‡•Ç ‡§®‡§æ‡§¶‡§æ‡§® ‡§¨‡§®‡•á
Ek paagal kaa armaan bane
‡§è‡§ï ‡§™‡§æ‡§ó‡§≤ ‡§ï‡§æ ‡§Ö‡§∞‡§Æ‡§æ‡§® ‡§¨‡§®‡•á
Ab laut ke jaanaa mushkil hai
‡§Ö‡§¨ ‡§≤‡•å‡§ü ‡§ï‡•á ‡§ú‡§æ‡§®‡§æ ‡§Æ‡•Å‡§∂‡•ç‡§ï‡§ø‡§≤ ‡§π‡•à
Maine chhod diya hai jag saara
‡§Æ‡•à‡§®‡•á ‡§õ‡•ã‡•ú ‡§¶‡§ø‡§Ø‡§æ ‡§π‡•à ‡§ú‡§ó ‡§∏‡§æ‡§∞‡§æ
Itana naa mujse too pyaar badha ki main ek baadal aavaara
‡§á‡§§‡§®‡§æ ‡§®‡§æ ‡§Æ‡•Å‡§ù‡§∏‡•á ‡§§‡•Ç ‡§™‡•ç‡§Ø‡§æ‡§∞ ‡§¨‡•ù‡§æ ‡§ï‡§ø ‡§Æ‡•à‡§Ç ‡§è‡§ï ‡§¨‡§æ‡§¶‡§≤ ‡§Ü‡§µ‡§æ‡§∞‡§æ
Janam-janam se hoon saath tere he naam mera jal kee dhara
‡§ú‡§®‡§Æ-‡§ú‡§®‡§Æ ‡§∏‡•á ‡§π‡•Ç‡§Å ‡§∏‡§æ‡§• ‡§§‡•á‡§∞‡•á, ‡§π‡•à‡•á ‡§®‡§æ‡§Æ ‡§Æ‡•á‡§∞‡§æ ‡§ú‡§≤ ‡§ï‡•Ä ‡§ß‡§æ‡§∞‡§æ",2025-06-11T08:49:09Z,17
top-level,UgyK0luDDer7z5BwFKl4AaABAg,,@feeltheline2.0,who is listen in 2025ü§î,2025-06-11T06:13:41Z,22
reply,UgyK0luDDer7z5BwFKl4AaABAg.AJDW20iBae7AJGd1kgc7RI,UgyK0luDDer7z5BwFKl4AaABAg,@bgm-series,Bro is commenting form PC,2025-06-12T11:21:17Z,3
top-level,Ugy0k-FfFOUpfZQXpR14AaABAg,,@harishkantbhardwaj2829,‡§ï‡§æ‡§∂ ‡§µ‡•â‡§Ø‡§∏ ‡§ï‡§æ ‡§á‡§ï‡•ã ‡§î‡§∞ ‡§®‡•ã‡§è‡§ú ‡§≠‡•Ä ‡§†‡•Ä‡§ï ‡§π‡•ã ‡§ú‡§æ‡§§‡§æ‡•§,2025-06-11T05:21:11Z,0
top-level,UgxBR91bUdt0QQu5U_x4AaABAg,,@FactuberYt,Virat kohli ‚ù§,2025-06-11T02:09:09Z,0
top-level,Ugz9b8HxLO1DkHD8C6F4AaABAg,,@nishu_chhachhia,Who listen daily ‚ù§‚Ä¢‚Ä¢‚Ä¢‚Ä¢‚Ä¢,2025-06-10T06:11:22Z,2
reply,Ugz9b8HxLO1DkHD8C6F4AaABAg.AJAvz2vNqu0AJBDYVAgArC,Ugz9b8HxLO1DkHD8C6F4AaABAg,@aditya6757sharma,Me also listen daily üòÖ,2025-06-10T08:53:37Z,2
reply,Ugz9b8HxLO1DkHD8C6F4AaABAg.AJAvz2vNqu0AJBV_4uOXvd,Ugz9b8HxLO1DkHD8C6F4AaABAg,@dranupamshri,Me,2025-06-10T11:31:07Z,1
top-level,UgxATG7oN9vvKT2yhId4AaABAg,,@Lubhi-fv8gi,Lgta hai mere liye hi bna hai ü•≤,2025-06-09T18:58:23Z,2
top-level,UgyCYYKuD5zbdcjnGEp4AaABAg,,@apnahind,Reel wali Gen z generation finally realising and appriciating the real song üòä,2025-06-09T16:13:09Z,547
reply,UgyCYYKuD5zbdcjnGEp4AaABAg.AJ9R2qnixDFAJBvFfyx7P2,UgyCYYKuD5zbdcjnGEp4AaABAg,@MusicIslove-z5t,"Gen z nhi sun rhe hai bhai , humlog galat genration mein paida hone wala sun rhe hai, dil se millenial aur dob se gen-z",2025-06-10T15:24:16Z,27
reply,UgyCYYKuD5zbdcjnGEp4AaABAg.AJ9R2qnixDFAJC8T2mbzOT,UgyCYYKuD5zbdcjnGEp4AaABAg,@apnahind,"‚Äã@@MusicIslove-z5tmai to dil, dimag or dob dono se millennial haiüòÖüòÖ hume to yahi pasand aata.. hum honey singh ke lie internet pe fuddu ki tarah gaali galoz kr ladte nahi firte",2025-06-10T17:28:26Z,0
reply,UgyCYYKuD5zbdcjnGEp4AaABAg.AJ9R2qnixDFAJQwqzIvA5O,UgyCYYKuD5zbdcjnGEp4AaABAg,@SAURAV0623,‚Äã@@MusicIslove-z5t iss jaal me mat fas mere bhai. Millenials ne itne kaand kiye hain tu soch ni skta. Its a natural thing ki har generation k kch log apne next generations ko downgrade krte h.,2025-06-16T11:26:51Z,1
reply,UgyCYYKuD5zbdcjnGEp4AaABAg.AJ9R2qnixDFAJU7kS4f00E,UgyCYYKuD5zbdcjnGEp4AaABAg,@Ayush..91,‚Äã@@MusicIslove-z5t ha,2025-06-17T17:08:32Z,1
reply,UgyCYYKuD5zbdcjnGEp4AaABAg.AJ9R2qnixDFAJaQnHeNBBQ,UgyCYYKuD5zbdcjnGEp4AaABAg,@youtuberfactsyt91,Right ü•≤,2025-06-20T13:09:38Z,1
top-level,UgwvaIJEFqKxjJ3pJW54AaABAg,,@latikachakraborty4774,Papa mummy ke liye best gift üòÇüòÇüòÇüòÇ,2025-06-09T16:05:41Z,21
top-level,UgySx6Q71M2XvjkrHh54AaABAg,,@sx.mobile_01,üòä,2025-06-09T13:38:19Z,0
top-level,Ugx09BetKKsfd55wrYd4AaABAg,,@sahebkhan5555,"U could listen this song on a repeat mode, it will gives u same vibes ‚ò∫",2025-06-08T20:15:07Z,0
top-level,Ugw7XGJAfZe4fM50Bvl4AaABAg,,@affanansari4256,‚ù§,2025-06-08T18:24:34Z,0
top-level,UgxMKMJJuzNkSZSQakR4AaABAg,,@shraddhadas309,Anyone in 2025‚ù§,2025-06-08T16:16:12Z,0
top-level,UgzrEguj6OvjVrBGCcN4AaABAg,,@Dunning-KrugerPodcast,Thanks for not adding the creepy ahh lyrical video,2025-06-08T14:23:42Z,0
top-level,UgzXA94ddqAlrPKO44d4AaABAg,,@anaszahoor4628,Its a copy of a western song.... But the lyrics is so attractive,2025-06-08T11:00:52Z,0
top-level,UgyN018kHEidJyBWvm94AaABAg,,@gourab_123,Kon kon reels dekh kar aya haiüòÇ,2025-06-08T08:45:28Z,1
top-level,Ugw5K_Oh9JDHjPBweqh4AaABAg,,@talent_xplorer,Anyone in 2025 üòä,2025-06-08T05:30:59Z,20
reply,Ugw5K_Oh9JDHjPBweqh4AaABAg.AJ5hldEAso0AJ93gM5Bokb,Ugw5K_Oh9JDHjPBweqh4AaABAg,@Siddhant-pb9xu,Yes,2025-06-09T12:48:58Z,0
reply,Ugw5K_Oh9JDHjPBweqh4AaABAg.AJ5hldEAso0AJQjGjRhOIF,Ugw5K_Oh9JDHjPBweqh4AaABAg,@keshavkumar-n3t4p,"Bro israel is destroying your palestine and you're enjoying song hereüò¢üò¢üò¢üò¢.
Just putting Palestinian DP is enough???üò¢üò¢üò¢üò¢
Go fight bro,don't enjoy song....show some jzba.üòÖ",2025-06-16T09:28:10Z,0
reply,Ugw5K_Oh9JDHjPBweqh4AaABAg.AJ5hldEAso0AJhEEs1b9_l,Ugw5K_Oh9JDHjPBweqh4AaABAg,@AbhishekYadav-fw8hy,Bkl 2035 me bhi sunenge log,2025-06-23T04:34:37Z,0
top-level,Ugzl3URLCsgYNWeIjxl4AaABAg,,@InsaneHistory-k3b,"Today we are missing this type of lyrics. 
Kehte hai samay k sath logo ki sochne ki power or powerful ho jati hai
But aise metaphor ab sunne ko nhi milte 
How beautifully explained the combination of nature with her loved one üíûüíû 
Badal or jal ki dhara ‚ù§",2025-06-08T05:04:19Z,91
reply,Ugzl3URLCsgYNWeIjxl4AaABAg.AJ5eiL7i61kAJNcRgyGJqd,Ugzl3URLCsgYNWeIjxl4AaABAg,@ManishKumar-zc2ow,Kamariya hila de hila deüòÇüòÇ aaj kl ke trending songs hüòÇüòÖ,2025-06-15T04:30:46Z,2
reply,Ugzl3URLCsgYNWeIjxl4AaABAg.AJ5eiL7i61kAJU7lypjQzx,Ugzl3URLCsgYNWeIjxl4AaABAg,@Ayush..91,Ha,2025-06-17T17:08:44Z,1
reply,Ugzl3URLCsgYNWeIjxl4AaABAg.AJ5eiL7i61kAJVzLTLMaXu,Ugzl3URLCsgYNWeIjxl4AaABAg,@prernapiwal2511,agreeüçÇ,2025-06-18T10:24:49Z,1
reply,Ugzl3URLCsgYNWeIjxl4AaABAg.AJ5eiL7i61kAJfZOTM5Mt8,Ugzl3URLCsgYNWeIjxl4AaABAg,@aellys5627,Some wise men said this is the century of idiots and somehow they were right...,2025-06-22T13:00:57Z,0
top-level,Ugye2FXDQtCE-0reWAN4AaABAg,,@NeetuAgarwal-t8s,Purane gano ki baat hi alg he..‚ù§,2025-06-07T12:36:30Z,1
top-level,UgzA2qZeuAidSTEj1qt4AaABAg,,@LaviMainwal-b1x,Papa mummy k liye nhi ham kudh k liye sun rehe h,2025-06-07T11:33:21Z,5
reply,UgzA2qZeuAidSTEj1qt4AaABAg.AJ3mRnStEU5AJ4fuYLqKbl,UgzA2qZeuAidSTEj1qt4AaABAg,@shreyash_tope,w,2025-06-07T19:55:29Z,1
top-level,Ugx4-kDndGY4VzkImpJ4AaABAg,,@Olivia_oggy3011,Lyrics üå∏üéÄ,2025-06-07T08:23:13Z,0
reply,Ugx4-kDndGY4VzkImpJ4AaABAg.AJ3RgAncMeZAJcDESFtSuB,Ugx4-kDndGY4VzkImpJ4AaABAg,@Anuragrao034,Heyy..,2025-06-21T05:49:37Z,0
reply,Ugx4-kDndGY4VzkImpJ4AaABAg.AJ3RgAncMeZAJd0vXHB04B,Ugx4-kDndGY4VzkImpJ4AaABAg,@Olivia_oggy3011,‚Äã@@Anuragrao034hru,2025-06-21T13:21:17Z,0
top-level,UgxgVT14d3wkc9nEIWx4AaABAg,,@anshikapandey5546,Anyone in June 2025üå∏‚ù§,2025-06-07T04:40:12Z,186
reply,UgxgVT14d3wkc9nEIWx4AaABAg.AJ329nmxYvMAJ3ZodZJqIv,UgxgVT14d3wkc9nEIWx4AaABAg,@SatyavartRaj,Hey anshika ü•∞,2025-06-07T09:34:17Z,5
reply,UgxgVT14d3wkc9nEIWx4AaABAg.AJ329nmxYvMAJ4KFubNLk0,UgxgVT14d3wkc9nEIWx4AaABAg,@Vibelyricssongs81,Daily sunta hu üôÇ,2025-06-07T16:37:34Z,3
reply,UgxgVT14d3wkc9nEIWx4AaABAg.AJ329nmxYvMAJ5RVLupVXS,UgxgVT14d3wkc9nEIWx4AaABAg,@fawnnaqvi9702,Hi,2025-06-08T03:00:05Z,1
reply,UgxgVT14d3wkc9nEIWx4AaABAg.AJ329nmxYvMAJ5_i_JWraQ,UgxgVT14d3wkc9nEIWx4AaABAg,@avii.editx1,Yes,2025-06-08T04:20:40Z,1
reply,UgxgVT14d3wkc9nEIWx4AaABAg.AJ329nmxYvMAJ6IJAL-hjP,UgxgVT14d3wkc9nEIWx4AaABAg,@tomandjerry254,Jiiüòä,2025-06-08T10:59:01Z,1
top-level,UgwUAaYWYH1lnGkNhBF4AaABAg,,@anushkachaudhary7735,"Mai tab tak sath chalu tere 
Jab tak na kahe tu mai hara ü•≤",2025-06-07T02:33:28Z,0
top-level,Ugz-kq6Pjyzod9qhOXx4AaABAg,,@HimanshuYadav-pl8zp,Night üåÉ+chhat+alone+headfone+awesome moon üåù=Heaven üòä,2025-06-06T17:57:47Z,0
top-level,UgxEjGU8LvNGzVGsnwl4AaABAg,,@mr.ar.354,,2025-06-06T17:57:08Z,0
top-level,UgyM_65sWQhJOZRW0D14AaABAg,,@ashishpaswan7964,Mere pitaji ke favourite song me se ek ye bhi aaj ghar mein chla diya ‚ù§pitaji khush ‚ù§,2025-06-06T17:25:21Z,5
top-level,Ugy9jJvKPktDYZyE5w94AaABAg,,@MR.Avinash_19,This is spiritual love ‚ù§Ô∏è,2025-06-06T17:08:11Z,22
top-level,UgwYsOttomD4czpZvo54AaABAg,,@ManishBogati-t6r,First time I listen this song by elvish yadav and I love it ‚ù§Ô∏è‚ù§Ô∏è,2025-06-06T16:44:21Z,0
top-level,Ugzfo75se0tD7V99VjR4AaABAg,,@POORVIII_07,Any teenager?,2025-06-06T11:32:34Z,361
reply,Ugzfo75se0tD7V99VjR4AaABAg.AJ1CZAvbKhnAJ3S73QEJMH,Ugzfo75se0tD7V99VjR4AaABAg,@Siddhant-pb9xu,Yess,2025-06-07T08:27:01Z,8
reply,Ugzfo75se0tD7V99VjR4AaABAg.AJ1CZAvbKhnAJ6J8TmznZc,Ugzfo75se0tD7V99VjR4AaABAg,@TahiraAbdul-v4g,Yes ‚ù§,2025-06-08T11:06:18Z,3
reply,Ugzfo75se0tD7V99VjR4AaABAg.AJ1CZAvbKhnAJDJQrRmRIU,Ugzfo75se0tD7V99VjR4AaABAg,@dhemonchele6146,üíØ,2025-06-11T04:23:29Z,2
reply,Ugzfo75se0tD7V99VjR4AaABAg.AJ1CZAvbKhnAJFlw7OkHmp,Ugzfo75se0tD7V99VjR4AaABAg,@nandaMaity-hg8ro,Yeessss,2025-06-12T03:19:47Z,1
reply,Ugzfo75se0tD7V99VjR4AaABAg.AJ1CZAvbKhnAJH6AYDnKpX,Ugzfo75se0tD7V99VjR4AaABAg,@THE_SUHAN-VERSE,18ü§ß,2025-06-12T15:44:38Z,3
top-level,UgzWokL9zU4lJt4l4BB4AaABAg,,@MadhuriRajput-e8s,‚ù§üòä,2025-06-06T11:30:51Z,0
top-level,Ugy369PTriyswJMn9MZ4AaABAg,,@LaraibBhatti-i8t,Uff lyrics ‚ù§,2025-06-06T09:23:34Z,0
top-level,UgxwIdK8lQC9_gWh8194AaABAg,,@KaustubhKumar-p5p,0:19,2025-06-06T09:07:40Z,0
top-level,Ugx6dw8vJy2bc9i_P5Z4AaABAg,,@nainathakur695,no pyar but obsessed with this song üòÇ‚ù§,2025-06-06T07:58:35Z,82
reply,Ugx6dw8vJy2bc9i_P5Z4AaABAg.AJ0p3xSYxUEAJWZ9FR0SmE,Ugx6dw8vJy2bc9i_P5Z4AaABAg,@coldheart777,Aaur mere jaise family ki yaad me sunte hai üòÇ,2025-06-18T15:46:28Z,1
top-level,Ugzy0R8Zz21NE5ynsr94AaABAg,,@Twilight_Drama,Obsessed with this song üé∂üòå,2025-06-05T17:21:38Z,128
reply,Ugzy0R8Zz21NE5ynsr94AaABAg.AJ-FhtDBntnAJ_uC8EoKsq,Ugzy0R8Zz21NE5ynsr94AaABAg,@kazisaifhussain5532,ü´†,2025-06-20T08:16:03Z,0
top-level,UgzxWAyT0kl7NTwwJI54AaABAg,,@Twilight_Drama,üé∂Gen z üëâüèª‚ù§,2025-06-05T17:14:43Z,0
reply,UgzxWAyT0kl7NTwwJI54AaABAg.AJ-EvFkME-MAJ-GKEYbhdF,UgzxWAyT0kl7NTwwJI54AaABAg,@Doneisyour,Yaar kitna comment karoge üòÖüòÖ,2025-06-05T17:27:00Z,0
top-level,Ugx6PrrzrkLqlcfBaTx4AaABAg,,@Twilight_Drama,Watched 50 times continueslyüòÉ,2025-06-05T17:14:00Z,13
reply,Ugx6PrrzrkLqlcfBaTx4AaABAg.AJ-EpzwGmQcAJ-FdGW3-S4,Ugx6PrrzrkLqlcfBaTx4AaABAg,@Twilight_Drama,Or moree,2025-06-05T17:21:00Z,1
reply,Ugx6PrrzrkLqlcfBaTx4AaABAg.AJ-EpzwGmQcAJW-OKEMEWU,Ugx6PrrzrkLqlcfBaTx4AaABAg,@AhsanAli-f4m7g,Hi,2025-06-18T10:33:57Z,0
reply,Ugx6PrrzrkLqlcfBaTx4AaABAg.AJ-EpzwGmQcAJW-QUyLn_t,Ugx6PrrzrkLqlcfBaTx4AaABAg,@AhsanAli-f4m7g,‚Äã@hiTwilight_Drama,2025-06-18T10:34:15Z,0
reply,Ugx6PrrzrkLqlcfBaTx4AaABAg.AJ-EpzwGmQcAJZJqY8dQvZ,Ugx6PrrzrkLqlcfBaTx4AaABAg,@AyushiChabri,You are cooked broü§ßüò≠,2025-06-19T17:30:25Z,0
top-level,Ugzc3_IlO1jHTKLp-BR4AaABAg,,@beginnersgaming5625,Anyone 2030 ??,2025-06-05T13:54:48Z,1
reply,Ugzc3_IlO1jHTKLp-BR4AaABAg.AIzt21G5vaWAJ-FA2dJVbP,Ugzc3_IlO1jHTKLp-BR4AaABAg,@Twilight_Drama,Me ‚úãüèªüòå,2025-06-05T17:16:52Z,1
reply,Ugzc3_IlO1jHTKLp-BR4AaABAg.AIzt21G5vaWAJ-F_XBZJPu,Ugzc3_IlO1jHTKLp-BR4AaABAg,@Twilight_Drama,Me ‚úãüèªüòå,2025-06-05T17:20:29Z,0
reply,Ugzc3_IlO1jHTKLp-BR4AaABAg.AIzt21G5vaWAJ-PoOzM7ix,Ugzc3_IlO1jHTKLp-BR4AaABAg,@Tajcreation-p7s,Nahi3000 hi ni pohnch gaay ap,2025-06-05T18:49:54Z,1
top-level,UgysaxgEG3y7wIY-RbF4AaABAg,,@Sigma-e7w3s,Rajab family‚ù§üëÄ,2025-06-05T05:20:34Z,0
reply,UgysaxgEG3y7wIY-RbF4AaABAg.AIyyBhHXjQQAJ0ysXhQqfW,UgysaxgEG3y7wIY-RbF4AaABAg,@LaraibBhatti-i8t,Is song k yeh comment Ka Kya Matlab hai üòÇ,2025-06-06T09:24:17Z,0
top-level,UgyQq0U0iIcey4tsVmN4AaABAg,,@Arpitvlogs-fun,Meri mummy papa ko mere or uske bare me pata chal gya uske ghar me bhii pata chal gya uske ghr wale mere ghar aaye or mujhe bhot data unhone mai bhot buri tarah fass chuka hu mujhe shadi usse he krni h par na mere ghr wale manenge na uske ghar wale uper se hamare me intercaste marriage nhai krte ab ky kru bhai koi bata sakta h Kya please üôèüèªü•∫,2025-06-05T04:17:06Z,1
reply,UgyQq0U0iIcey4tsVmN4AaABAg.AIyqvnHYfuhAIzUiM1jx2Q,UgyQq0U0iIcey4tsVmN4AaABAg,@bestinbudgetYT,üò¢,2025-06-05T10:13:32Z,0
reply,UgyQq0U0iIcey4tsVmN4AaABAg.AIyqvnHYfuhAJ0CP3bMSgD,UgyQq0U0iIcey4tsVmN4AaABAg,@MDEDITZ,Koi nahi babu god's plan bolke chodd de‚ù§‚ù§ wo best planer hai‚ù§,2025-06-06T02:11:57Z,0
top-level,Ugw0fv42N9Dj8oGDQWB4AaABAg,,@susmatiwari9010,‚ù§‚ù§üòäüòänice song,2025-06-05T03:11:54Z,0
top-level,UgwZLTjhIDAJZGqqymp4AaABAg,,@SarkariMeMe_‡§≠‡§Ç‡§°‡§æ‡§∞,Purane gaano ki taraf lotonüî•,2025-06-05T00:50:26Z,3
top-level,Ugw4oiLsXUmt5f-wmAp4AaABAg,,@mohdchand1015,üéªüé∫,2025-06-04T17:56:29Z,2
top-level,Ugyk60SMm6BkXlJq5O54AaABAg,,@Ishfaq.7860,2025 nd 2026 walo like karo attendance k liye üòÖüòä,2025-06-04T00:32:06Z,1
top-level,UgxShThwEnLKrW7g7hd4AaABAg,,@vivekpawaskar7577,‚ù§‚ù§‚ù§‚ù§‚ù§‚ù§,2025-06-03T16:41:47Z,2
top-level,Ugxp40eLiF9snufpK2l4AaABAg,,@sklover68,Who listens this song in 2025 1:37,2025-06-03T15:43:49Z,19
top-level,UgwP0o9wBn_L9p6iXLh4AaABAg,,@komalsingh5134,Year 2000 k time huke bhi ye sung sun rahe ho kyuki joh phle thi ab nhi hai ‚ù§,2025-06-03T14:47:04Z,4
top-level,Ugz91JqoVVlAiK3f_SF4AaABAg,,@FunnyYt-lq1lo,‚ô•Ô∏èüòî,2025-06-03T14:05:48Z,0
top-level,UgyNJPhGOxnjeXfGzYx4AaABAg,,@A1SD,Who thinks rafi ji songs has full of expression,2025-06-03T14:04:58Z,7
top-level,UgzB90hK9oQ5Z7vDK694AaABAg,,@FardeenKhan-d7i2w,üíì,2025-06-03T10:29:05Z,0
top-level,UgyMZAPtlV2xfPtrqfN4AaABAg,,@HariomKumar-tg8ql,jo ye gane sunne me maza h o kisi our gaane me kaha  i love this old song üíùüíù,2025-06-03T06:25:22Z,40
top-level,Ugwq0_Y7rueE3fIvO_14AaABAg,,@desiboy78685,Kon kon insta se aaya hai üòÇüòä,2025-06-03T06:03:16Z,9
top-level,Ugz5zOdMzXbtRvx-x6x4AaABAg,,@Majorsandeep-qc6jg,Mjhe smjh nhi Aaya moral kya tha ies video kya üòÇüòÇüòÇ,2025-06-03T05:11:54Z,1
reply,Ugz5zOdMzXbtRvx-x6x4AaABAg.AItnbScOvfzAJ0Ca8lNZpk,Ugz5zOdMzXbtRvx-x6x4AaABAg,@MDEDITZ,Moral chodd de bhaiüòÇüòÇ gane ka maza le,2025-06-06T02:13:36Z,0
top-level,UgytIcMDPnkwbyF61bp4AaABAg,,@Maggi_huh_suf,It's my favourite song all time favourite,2025-06-03T05:04:26Z,19
top-level,UgxnbjjjXd5UXi77Q-B4AaABAg,,@ArjunSharma-m9u,I have only ‚ù§ for this master pieace,2025-06-02T16:55:54Z,16
top-level,UgwQFT5znFPH2kG74C14AaABAg,,@pandey_girl00,02/06/2025‚ù§,2025-06-02T16:16:01Z,7
reply,UgwQFT5znFPH2kG74C14AaABAg.AIsPoe7v3msAJ-GNhMheCx,UgwQFT5znFPH2kG74C14AaABAg,@Doneisyour,Nahi nahi ye thik nahi hai,2025-06-05T17:27:28Z,0
reply,UgwQFT5znFPH2kG74C14AaABAg.AIsPoe7v3msAJ0F_RKPVO4,UgwQFT5znFPH2kG74C14AaABAg,@pandey_girl00,?‚Äã@@Doneisyour,2025-06-06T02:39:43Z,0
top-level,UgxBk9FZZl34Ww0C8IB4AaABAg,,@ImranMalik-t3i6n,2 :15 ‚ù§,2025-06-02T09:19:56Z,1
top-level,UgxHpOMUzwoaHc5vMRt4AaABAg,,@Armansiddiqui-v9w,BestüíØ üéµ‡§∏‡•ã‡§Ç‡§ó,2025-06-02T06:37:33Z,4
top-level,UgxZf8T2l_oZ4I3lz2F4AaABAg,,@Armansiddiqui-v9w,‚ù§‚ù§‚ù§üéâüéâüéâ,2025-06-02T06:37:11Z,0
top-level,UgwPO3RO-XtaqTvuxwJ4AaABAg,,@AlmasKhan-d3h,Papa mummy ke liye nahi hum khudke liye sun rhe he,2025-06-02T03:04:34Z,1621
reply,UgwPO3RO-XtaqTvuxwJ4AaABAg.AIr-Ez9b3ZjAIrCkRD1KUa,UgwPO3RO-XtaqTvuxwJ4AaABAg,@PriyaJha-k3h,üòÇ,2025-06-02T05:02:36Z,38
reply,UgwPO3RO-XtaqTvuxwJ4AaABAg.AIr-Ez9b3ZjAIrQqyr7fKl,UgwPO3RO-XtaqTvuxwJ4AaABAg,@amonguslady,üòÇ,2025-06-02T07:05:49Z,20
reply,UgwPO3RO-XtaqTvuxwJ4AaABAg.AIr-Ez9b3ZjAIrXTPauJ27,UgwPO3RO-XtaqTvuxwJ4AaABAg,@Raaj-v6j,Exactly üòÇüòÇüòÇ,2025-06-02T08:03:38Z,20
reply,UgwPO3RO-XtaqTvuxwJ4AaABAg.AIr-Ez9b3ZjAIroUdZ3Jwy,UgwPO3RO-XtaqTvuxwJ4AaABAg,@MdAfaque-z2h,üòÇüò¢,2025-06-02T10:41:06Z,11
reply,UgwPO3RO-XtaqTvuxwJ4AaABAg.AIr-Ez9b3ZjAItuCK1BRAh,UgwPO3RO-XtaqTvuxwJ4AaABAg,@callmebyurname605,Are bhaii üòÇ,2025-06-03T06:09:30Z,14
top-level,UgxYHqHU5Omw2DUn0Mt4AaABAg,,@muntazirmehdi14512,Who thinks old songs are better than todays trash songs,2025-06-01T17:28:53Z,47
reply,UgxYHqHU5Omw2DUn0Mt4AaABAg.AIpyMY2LuidAJ4gy6LHzyc,UgxYHqHU5Omw2DUn0Mt4AaABAg,@mark42gamers36,Yes sirüëç,2025-06-07T20:04:43Z,0
top-level,Ugxxzqb8HQ7SzF8kng54AaABAg,,@dineshbumdiya5133,Fav song ‚ù§,2025-06-01T15:03:39Z,1
top-level,UgydKFRSmf7eZbOCvK94AaABAg,,@ANUJDIXIT6268,üö°üö°üö°üö°üö°üö°üö°üö°üö°üö°üö°üö°üö°üö°,2025-06-01T07:26:56Z,0
top-level,UgxnTOKxlPg8yI35IVN4AaABAg,,@rohitdoke2612,2:15 ‚ù§,2025-06-01T06:26:03Z,8
top-level,UgyRafg7Knqn0pcUbQt4AaABAg,,@MayankAthole,"Bhaii jo gaana trend me aaya repost kardo..üòÖ
Par isse purani chizen phirse rukke tarashi jati haii...acchaa haii‚ù§‚ù§",2025-06-01T05:20:21Z,11
top-level,UgyVw4WTSguyNNcIg0p4AaABAg,,@chhavigupta5405,"What this song want to say 
Means ldka kya khna chah rha h?
And when girl listen it from boy ,what she need to do now?",2025-05-31T18:33:14Z,3
reply,UgyVw4WTSguyNNcIg0p4AaABAg.AInVw-M4eUtAInkUE-jfgf,UgyVw4WTSguyNNcIg0p4AaABAg,@ankitbairagi2987,"Ek ladka hai jis pr bhut si jimmedari ke bojh tale daba hua hai jisme pyaar khub bhara hua hai... Lekin fir bhi wo jin chizo se jujh rha hai wo nhi chahta ki koi or bhi un chizo se suffer kre..... 
Dusri hi tarf hai ek ladki jo use bhut pasnd krti hai,.. uske liye kuchh bhi krne ko taiyar hai... Or ye sochti hai ki hum dono ka janm janm ka saath hai.... Lekin ladke ko pta hai ki wo uss raah pr nhi chl payegi jis pr wo abhi hai.... That's why wo use ignore krna chahta hai... Jabki wo janta hai ki uske mn m bhi uss ladki ke liye bhut saari bhavnaye bhari hui hai‚ú®‚ù§Ô∏è here is the explanation ‚ò∫Ô∏è",2025-05-31T20:49:07Z,4
reply,UgyVw4WTSguyNNcIg0p4AaABAg.AInVw-M4eUtAIowoye8Yee,UgyVw4WTSguyNNcIg0p4AaABAg,@chhavigupta5405,"‚Äã@@ankitbairagi2987
To ldke ko ldki ko smjhana chahiye na apni problem 
Dur hona is a soln? 
Ignore krna is a solution?
Ab kya krna chahiye ldki ko ..??

Btw your explaining power is too goodüíØ",2025-06-01T07:56:11Z,0
reply,UgyVw4WTSguyNNcIg0p4AaABAg.AInVw-M4eUtAIpghhgyghg,UgyVw4WTSguyNNcIg0p4AaABAg,@ankitbairagi2987,‚Äã@@chhavigupta5405 Kbhi kbhi hum jin conditions m rehte hai tb unke according hme unn chizo ka tyag kr dena chahiye hota hai... Jo hme sabse jaada kimti lgti hai... Long-term m  Usme dono ka fayda hota hai....,2025-06-01T14:54:37Z,3
reply,UgyVw4WTSguyNNcIg0p4AaABAg.AInVw-M4eUtAIqBYpOGA7F,UgyVw4WTSguyNNcIg0p4AaABAg,@ujalabegam9132,Yes it's true ‚Äã@@ankitbairagi2987,2025-06-01T19:32:54Z,0
reply,UgyVw4WTSguyNNcIg0p4AaABAg.AInVw-M4eUtAIsDIOuhgrh,UgyVw4WTSguyNNcIg0p4AaABAg,@Chan-zi,"‚Äã@@chhavigupta5405 Ye gaana aisa h, jo kaafi deep meaning rakhta hai, typical romantic gana nhi hai ye. 
Ladka aajad hai udta panchi hai isliye ladki bhi uske isi befikre mijjaj ki vajah se usse pyaar kar baithi hai, kind of samjh lo guru and chela. Jahan ek samay par guru apne shishya ko sab kuch sikhana chahta hai lekin vo puchta bhi h, kab tak sath chloge mere to vo shishya kehra hai ""jab tak tu na kahe mai hara"" ye jugalbandi jo aap har bhakti kavita m dekhoge jaise ‚Äì kabir, meera, bullesaah, Rumi.
Maane ye raah bhaut kathin hai, apne ahenkaar ko chod satya ki or jaane ki baat ho rhi h pure gaane me, dhyaan se sunna is baar Hero yahan ek guru h jo koi bandhan nhi manta or ladki uska discipline jo uske isi beparvaah mijaj ki vajah se bandhan todta hua aage badna chahta hai par sharir,samaj, sanyog itni aasani se aisa nhi hone deta.",2025-06-02T14:26:37Z,0
top-level,UgzXBgMLDl4wKWqvKcB4AaABAg,,@SaloniJaiswal-f8t,‚ù§,2025-05-31T14:40:25Z,0
top-level,Ugzp1K3GwxrLnq6wTPV4AaABAg,,@rinkutiwari5665,Best song ‚ù§Ô∏è,2025-05-31T12:53:46Z,6
top-level,Ugwlowm3vA12MilP5Z14AaABAg,,@manjumonu9011,Nice‚ù§,2025-05-31T08:51:36Z,0
top-level,UgxL9gxT0LXNdq513Nd4AaABAg,,@irfankhanlabib,:),2025-05-28T10:58:02Z,0
top-level,Ugzw6RZR3yED4mw7bAl4AaABAg,,@ashimabhattacharjee6378,All time hit song.,2025-05-27T09:13:05Z,4
top-level,UgwCHUtUz5zDzgX4hCZ4AaABAg,,@NaveedAslam-gl6uv,"Minds, Eyes & Brain OpenerüíØüôè",2025-05-27T06:52:26Z,11
top-level,UgybDrX5dUjVaHMwbed4AaABAg,,@NaveedAslam-gl6uv,MashaAllah Alhamdulillah InshaAllah üíØüôè,2025-05-27T06:50:45Z,4
